Wall time,Step,Value
1701458182.6700091,50000,0.9497374892234802
1701496007.8759282,100000,0.9508893489837646
1701533712.0430045,150000,0.9513561129570007
1701571424.4202337,200000,0.9518592953681946
1701609121.6681373,250000,0.9521238207817078
1701646793.1501017,300000,0.9523602724075317
1701684419.5725996,350000,0.952564001083374
